{"i": 8.309810798820864, "e": 5.877281193142169, "d": 5.436532229681502, "y": 4.719187275831713, "sh": 4.140257730139782, "u": 3.960075474982884, "j": 3.1884117458384424, "x": 2.7949335630810155, "zh": 2.757905052929603, "h": 2.636390677899667, "g": 2.4518239331817946, "l": 2.4374673837242535, "b": 2.4312042867505066, "en": 2.3367688795300214, "w": 2.130656051848535, "ou": 2.0420655584448437, "an": 1.994469881596586, "a": 1.9647660102788778, "ai": 1.9426248205149848, "ao": 1.8899112251843277, "m": 1.8681431834681776, "ian": 1.792297625971001, "z": 1.7612201838223787, "uo": 1.6943237458839921, "t": 1.6632913388445798, "ing": 1.5111820406932743, "ang": 1.4918394612874502, "ong": 1.4889282631563556, "q": 1.4678228809043, "ei": 1.4661565818635187, "n": 1.4353075320544628, "r": 1.2745000242385391, "eng": 1.2564345118581786, "ch": 1.1453296806428517, "f": 1.0902292245240488, "k": 1.0569193276760016, "ui": 0.9926735275939926, "uan": 0.9563880967445503, "o": 0.8860561233321207, "in": 0.8300388810615367, "ie": 0.7720207932246094, "iao": 0.708598492282446, "iang": 0.6997876948448021, "s": 0.6992826582629438, "ue": 0.6188724707679518, "p": 0.6142885400090462, "iu": 0.5909957381667758, "c": 0.5384687168599901, "ia": 0.5368571033089643, "un": 0.3796009355336244, "ua": 0.24353700343524598, "erF": 0.22311679820188965, "uang": 0.20772122443899685, "v": 0.1634388449112112, "uai": 0.0900026657567859, "anF": 0.08680195620933953, "aiF": 0.07822276790477725, "aF": 0.0644806260086055, "iong": 0.028105124940742646, "eF": 0.02690526095963963, "ouF": 0.018184533740416408, "aoF": 0.014874453213459309, "ve": 0.012651648894579468, "oF": 0.005172603972154534, "enF": 0.004210782711163113, "angF": 0.0014025219725493638, "eiF": 0.0007720304436051544}