{"i": 8.316040677845718, "e": 5.883626789769336, "d": 5.436142436474119, "y": 4.720651276323912, "sh": 4.1393774360946995, "u": 3.9608038074691083, "j": 3.188433377573838, "x": 2.7942608746057864, "zh": 2.756248074550509, "h": 2.637165748643231, "g": 2.451679239648782, "l": 2.436029559334919, "b": 2.4314199001592214, "en": 2.3410281186957964, "w": 2.130695128561722, "an": 2.0808831450755605, "ou": 2.059275970837488, "a": 2.027934791947874, "ai": 2.020597295381395, "ao": 1.9053912006721032, "m": 1.8681504300670473, "ian": 1.7922502847421535, "z": 1.7616843520921373, "uo": 1.6951675813768097, "t": 1.6636462622821442, "ing": 1.5106525427738895, "ang": 1.494012091332242, "ong": 1.4889263473289083, "ei": 1.4684225318467776, "q": 1.4680107828066598, "n": 1.4352992516429028, "r": 1.274498384319284, "eng": 1.2565680003378916, "ch": 1.1469108673020663, "f": 1.0902181713408063, "k": 1.0568311144081057, "ui": 0.9903111269034024, "uan": 0.9581979185635671, "o": 0.8924949955603482, "in": 0.829828721728, "ie": 0.7721549050070838, "iao": 0.7199753645402435, "s": 0.7003819004514988, "iang": 0.6997932279957051, "ue": 0.6198431448465249, "p": 0.6140818750742475, "iu": 0.5910914814045287, "c": 0.5378214493392506, "ia": 0.5368789300521052, "un": 0.37959079672699403, "ua": 0.24356885796610706, "er": 0.22311651111399122, "uang": 0.20772095716082567, "v": 0.1633485645093494, "uai": 0.09010870399834374, "iong": 0.028105088777435713, "ve": 0.012651632615503568}