{"i": 8.316040677845718, "e": 5.8567730320591345, "d": 5.436142436474119, "y": 4.720651276323912, "sh": 4.1393774360946995, "u": 3.9608038074691083, "j": 3.188433377573838, "x": 2.7942608746057864, "zh": 2.756248074550509, "h": 2.637165748643231, "g": 2.451679239648782, "l": 2.436029559334919, "b": 2.4314199001592214, "en": 2.336817341402714, "w": 2.130695128561722, "ou": 2.041091460495398, "an": 1.994081300555665, "a": 1.9635057175375208, "ai": 1.9423746281270853, "ao": 1.8905360673340925, "m": 1.8681504300670473, "ian": 1.7922502847421535, "z": 1.7616843520921373, "uo": 1.6951675813768097, "t": 1.6636462622821442, "ing": 1.5106525427738895, "ang": 1.4926095711643397, "ong": 1.4889263473289083, "q": 1.4680107828066598, "ei": 1.4676505023965563, "n": 1.4352992516429028, "r": 1.274498384319284, "eng": 1.2565680003378916, "ch": 1.1469108673020663, "f": 1.0902181713408063, "k": 1.0568311144081057, "ui": 0.9903111269034024, "uan": 0.9581979185635671, "o": 0.8873288318226165, "in": 0.829828721728, "ie": 0.7721549050070838, "iao": 0.7199753645402435, "s": 0.7003819004514988, "iang": 0.6997932279957051, "ue": 0.6198431448465249, "p": 0.6140818750742475, "iu": 0.5910914814045287, "c": 0.5378214493392506, "ia": 0.5368789300521052, "un": 0.37959079672699403, "ua": 0.24356885796610706, "erF": 0.22311651111399122, "uang": 0.20772095716082567, "v": 0.1633485645093494, "uai": 0.09010870399834374, "anF": 0.08680184451989531, "aiF": 0.07822266725430975, "aF": 0.06442907441035367, "iong": 0.028105088777435713, "eF": 0.026853757710201827, "ouF": 0.01818451034209043, "aoF": 0.014855133338010544, "ve": 0.012651632615503568, "oF": 0.005166163737731688, "enF": 0.004210777293082678, "angF": 0.0014025201679022515, "eiF": 0.0007720294502214229}