{"i": 8.302299563990747, "e": 5.878353657877233, "d": 5.434212660033789, "y": 4.719834565292151, "sh": 4.136180012131704, "u": 3.951224147455817, "j": 3.1866134360393503, "x": 2.7852145503680417, "zh": 2.751505693403558, "h": 2.6356047550421153, "g": 2.4556807995615757, "l": 2.4380059930689595, "b": 2.4316236943848057, "en": 2.3428641461382407, "w": 2.1420834112516585, "ou": 2.0434145894242968, "an": 1.9977279807919988, "a": 1.9679742968011358, "ai": 1.9416990875047675, "ao": 1.884385917327077, "m": 1.8713433825953165, "ian": 1.7959290061107076, "z": 1.7627360389736495, "uo": 1.6967988241270378, "t": 1.666044459847587, "ing": 1.5116636091943538, "ang": 1.4918632033297474, "ong": 1.485396439189945, "q": 1.4740424731100588, "ei": 1.4706057286876404, "n": 1.4364454549016403, "r": 1.2699485450248498, "eng": 1.2558380009343446, "ch": 1.1398476254498573, "f": 1.0939189918175287, "k": 1.053645788518082, "ui": 0.9920873432852226, "uan": 0.9620880906590573, "o": 0.8937454879242486, "in": 0.8341047840541748, "ie": 0.7685298662465074, "iao": 0.7057554252147619, "s": 0.7026996480290614, "iang": 0.6996978187236125, "ue": 0.6190900596334526, "p": 0.6155829185163141, "iu": 0.5897159677372614, "c": 0.5360184691181566, "ia": 0.5343567157361723, "un": 0.38019324330630605, "ua": 0.2409643423927485, "erF": 0.22493753786166035, "uang": 0.20561589298924704, "v": 0.16244092841321028, "uai": 0.08825021678889566, "anF": 0.08702554701710644, "aiF": 0.07836945096050654, "aF": 0.06426773951314045, "iong": 0.028024495758564503, "eF": 0.026431340808625595, "ouF": 0.018319430771543715, "aoF": 0.014722217850416467, "ve": 0.012504695521683694, "oF": 0.005259865434449057, "enF": 0.004380038975640422, "angF": 0.0014615644341880287, "eiF": 0.0007873217112008031}