{"i": 8.228856748596556, "d": 4.834802308192254, "y": 4.715482428773883, "e": 4.714581179970768, "u": 4.4105993656543605, "j": 3.9243741191203303, "sh": 3.7181095235173443, "zh": 3.1537942544266033, "x": 2.9241336040357013, "g": 2.5767886739061523, "l": 2.40715058690111, "h": 2.3945846902893386, "b": 2.1779693887354337, "ong": 2.128591878552688, "ian": 2.0783677407064105, "an": 1.9007458637990324, "ai": 1.8952321632089362, "ing": 1.852126980554935, "ang": 1.8329033739295848, "z": 1.7937642929108377, "ou": 1.789261083403021, "ao": 1.7821269556719712, "w": 1.7057362574578339, "en": 1.7048471466857378, "q": 1.6685392614020262, "t": 1.661359616054658, "ch": 1.636491825005764, "eng": 1.6089961502413919, "m": 1.5106629264537885, "a": 1.5007218790497403, "uo": 1.4928351933955517, "ei": 1.4440645847637243, "f": 1.4426535386578385, "uan": 1.3782188009967995, "in": 1.2783167367000712, "r": 1.1720148955489051, "n": 1.0974934541115973, "k": 1.0228567013796148, "ui": 1.0225441470808916, "iao": 0.8715804207976179, "iang": 0.8130144211339627, "s": 0.7952261366765354, "p": 0.7054198796793398, "c": 0.6900015457782502, "ie": 0.6302399500592852, "ia": 0.5721594716363649, "ue": 0.5285991128191748, "un": 0.5243143878696888, "iu": 0.49810230988550985, "o": 0.38054244496480183, "uang": 0.3103603496165626, "ua": 0.2781156702162518, "erF": 0.23143583742733947, "v": 0.1520045624430992, "anF": 0.13873769454001628, "uai": 0.08747878954942233, "aiF": 0.05122249089753882, "eF": 0.04726549278554885, "aF": 0.021526798011086513, "iong": 0.021029138739333174, "aoF": 0.018923190357645264, "ouF": 0.018073528186359076, "ve": 0.01762138653092464, "oF": 0.006967229804546749, "enF": 0.004785418728993999, "angF": 0.002494365374275883}