{"i": 8.439383794501818, "y": 5.1426924775248954, "e": 5.050242133830139, "d": 4.993097241731095, "u": 4.438436709280656, "sh": 3.9183289022854533, "j": 3.532704704912146, "zh": 2.9302382757193284, "x": 2.8615273571307616, "h": 2.5605147691617343, "b": 2.3822744103117457, "l": 2.2769913837255626, "g": 2.262253525016516, "ao": 1.9948851999193908, "ian": 1.9552658488565362, "ong": 1.9449612875541562, "ou": 1.9292890101879665, "an": 1.8820178085660648, "ing": 1.859046683244638, "ai": 1.8363610747351156, "en": 1.7628950034246444, "w": 1.7291469162575037, "z": 1.7111074449598858, "ang": 1.7039487598032195, "a": 1.6409689423117952, "m": 1.587925109874656, "t": 1.5758866828417997, "q": 1.572242450078943, "uo": 1.5482175081608491, "eng": 1.5122994932232325, "f": 1.459702105255617, "ch": 1.4303509769918095, "n": 1.3357255143118156, "ei": 1.3215067770789597, "r": 1.1904182219113493, "k": 1.178161763858493, "uan": 1.1248999004013536, "in": 1.0228717654708843, "ui": 1.0198141399761225, "iao": 0.8802690959613699, "s": 0.7913383958751854, "iang": 0.7396338968466173, "ie": 0.683387084901383, "c": 0.6583446648899561, "p": 0.6377614983590051, "iu": 0.5813278026823422, "ia": 0.5311391383642503, "ue": 0.4848283114733011, "o": 0.4834318747023487, "un": 0.4732570937690161, "uang": 0.3323208041980731, "ua": 0.25592688776188766, "erF": 0.2357019150495081, "v": 0.14055213967856206, "anF": 0.11901898084618254, "uai": 0.1100433705228498, "aiF": 0.07416169408856647, "aF": 0.05176160239094894, "eF": 0.03379999931475965, "iong": 0.024585593112379314, "aoF": 0.01697527227142744, "ouF": 0.016393856218094145, "ve": 0.010387620738570736, "oF": 0.009453202081427942, "enF": 0.003924558359999738, "angF": 0.0016040853614284643}